Date ,price
3-May-18,4486.9
4-May-18,4515.7
5-May-18,4513.4
6-May-18,4513.4
7-May-18,4533.2
8-May-18,4530.2
9-May-18,4534.6
10-May-18,4568.5
11-May-18,4561.1
12-May-18,4556.3
13-May-18,4546.9
14-May-18,4558
15-May-18,4513.9
16-May-18,4495.5
17-May-18,4489.9
18-May-18,4491.5
19-May-18,4508.9
20-May-18,4508.9
21-May-18,4522.6
22-May-18,4514.1
23-May-18,4530
24-May-18,4576.2
25-May-18,4527.5
26-May-18,4530.9
27-May-18,4530.9
28-May-18,4489.9
29-May-18,4535.4
30-May-18,4509.8
31-May-18,4503.3
1-Jun-18,4459.2
2-Jun-18,4471.2
3-Jun-18,4471.2
4-Jun-18,4465.2
5-Jun-18,4478.4
6-Jun-18,4460.5
7-Jun-18,4469
8-Jun-18,4488.6
9-Jun-18,4497.4
10-Jun-18,4497.4
11-Jun-18,4502
12-Jun-18,4491.2
13-Jun-18,4514.7
14-Jun-18,4526.2
15-Jun-18,4472.7
16-Jun-18,4468.1
17-Jun-18,4468.1
18-Jun-18,4467.2
19-Jun-18,4452.6
20-Jun-18,4437.8
21-Jun-18,4431.5
22-Jun-18,4421.2
23-Jun-18,4416.6
24-Jun-18,4416.6
25-Jun-18,4425.1
26-Jun-18,4407.6
27-Jun-18,4392.6
28-Jun-18,4412.6
29-Jun-18,4404.5
30-Jun-18,4406.9
1-Jul-18,4406.9
2-Jul-18,4381.8
3-Jul-18,4414.8
4-Jul-18,4436.2
5-Jul-18,4448.2
6-Jul-18,4442.2
7-Jul-18,4424.1
8-Jul-18,4424.1
9-Jul-18,4439.9
10-Jul-18,4439.7
11-Jul-18,4390.6
12-Jul-18,4388.7
13-Jul-18,4363.2
14-Jul-18,4362.2
15-Jul-18,4362.2
16-Jul-18,4374.3
17-Jul-18,4314.9
18-Jul-18,4328.6
19-Jul-18,4300.7
20-Jul-18,4352.9
21-Jul-18,4328.7
22-Jul-18,4328.7
23-Jul-18,4328.7
24-Jul-18,4333.5
25-Jul-18,4345.8
26-Jul-18,4313
27-Jul-18,4317.3
28-Jul-18,4316.6
29-Jul-18,4316.6
30-Jul-18,4305.7
31-Jul-18,4314.1
1-Aug-18,4277.7
2-Aug-18,4265.2
3-Aug-18,4289.1
4-Aug-18,4286.2
5-Aug-18,4286.2
6-Aug-18,4265.2
7-Aug-18,4266.5
8-Aug-18,4280.5
9-Aug-18,4270.1
10-Aug-18,4286
11-Aug-18,4283.7
12-Aug-18,4283.7
13-Aug-18,4282
14-Aug-18,4287.5
15-Aug-18,4221.5
16-Aug-18,4235.4
17-Aug-18,4259.9
18-Aug-18,4262.7
19-Aug-18,4262.7
20-Aug-18,4264.1
21-Aug-18,4283.2
22-Aug-18,4294.2
23-Aug-18,4272.9
24-Aug-18,4313.9
25-Aug-18,4313.4
26-Aug-18,4313.4
27-Aug-18,4359.9
28-Aug-18,4327.9
29-Aug-18,4347.8
30-Aug-18,4364.6
31-Aug-18,4370.2
1-Sep-18,4375.7
2-Sep-18,4375.7
3-Sep-18,4383.6
4-Sep-18,4356.6
5-Sep-18,4405.2
6-Sep-18,4431.1
7-Sep-18,4410.4
8-Sep-18,4409.5
9-Sep-18,4409.5
10-Sep-18,4449.3
11-Sep-18,4468.5
12-Sep-18,4464.9
13-Sep-18,4443.7
14-Sep-18,4405
15-Sep-18,4401
16-Sep-18,4401
17-Sep-18,4468.8
18-Sep-18,4471.3
19-Sep-18,4483.2
20-Sep-18,4467.1
21-Sep-18,4436
22-Sep-18,4433.8
23-Sep-18,4433.8
24-Sep-18,4468.8
25-Sep-18,4481.2
26-Sep-18,4452.6
27-Sep-18,4417.4
28-Sep-18,4437.4
29-Sep-18,4439.3
30-Sep-18,4439.3
1-Oct-18,4451.9
2-Oct-18,4503.1
3-Oct-18,4512.6
4-Oct-18,4540.8
5-Oct-18,4565
6-Oct-18,4560.8
7-Oct-18,4560.8
8-Oct-18,4521.5
9-Oct-18,4546.4
10-Oct-18,4547.4
11-Oct-18,4653.9
12-Oct-18,4629.7
13-Oct-18,4626.9
14-Oct-18,4626.9
15-Oct-18,4653.2
16-Oct-18,4629.2
17-Oct-18,4626.4
18-Oct-18,4628.7
19-Oct-18,4623.9
20-Oct-18,4623.3
21-Oct-18,4623.3
22-Oct-18,4613.6
23-Oct-18,4651.5
24-Oct-18,4635.5
25-Oct-18,4631.5
26-Oct-18,4650.9
27-Oct-18,4648.2
28-Oct-18,4648.2
29-Oct-18,4636.9
30-Oct-18,4629.1
31-Oct-18,4629.5
1-Nov-18,4662.3
2-Nov-18,4649.4
3-Nov-18,4648.8
4-Nov-18,4586.3
5-Nov-18,4619
6-Nov-18,4592.6
7-Nov-18,4575.7
8-Nov-18,4540.7
9-Nov-18,4503.9
10-Nov-18,4504.1
11-Nov-18,4504.1
12-Nov-18,4498.3
13-Nov-18,4479.7
14-Nov-18,4502.7
15-Nov-18,4488.6
16-Nov-18,4513.1
17-Nov-18,4474.2
18-Nov-18,4474.2
19-Nov-18,4503.9
20-Nov-18,4483
21-Nov-18,4492.2
22-Nov-18,4500.7
23-Nov-18,4436.8
24-Nov-18,4440.8
25-Nov-18,4440.8
26-Nov-18,4447
27-Nov-18,4407.9
28-Nov-18,4429.7
29-Nov-18,4408.1
30-Nov-18,4373.7
1-Dec-18,4373.7
2-Dec-18,4391.6
3-Dec-18,4455.4
4-Dec-18,4484.7
5-Dec-18,4480.5
6-Dec-18,4505.7
7-Dec-18,4544.6
8-Dec-18,4537.6
9-Dec-18,4537.6
10-Dec-18,4553
11-Dec-18,4586.7
12-Dec-18,4605.9
13-Dec-18,4572.8
14-Dec-18,4575.3
15-Dec-18,4574.2
16-Dec-18,4574.2
17-Dec-18,4581.5
18-Dec-18,4593.1
19-Dec-18,4492.9
20-Dec-18,4524.3
21-Dec-18,4520.7
22-Dec-18,4520.7
23-Dec-18,4520.7
24-Dec-18,4576
25-Dec-18,4576
26-Dec-18,4556
27-Dec-18,4610.1
28-Dec-18,4599.1
29-Dec-18,4599.1
30-Dec-18,4599.1
31-Dec-18,4589.2
1-Jan-19,4575.9
2-Jan-19,4620.3
3-Jan-19,4661.3
4-Jan-19,4592.2
5-Jan-19,4593.6
6-Jan-19,4593.6
7-Jan-19,4597.5
8-Jan-19,4575.7
9-Jan-19,4677
10-Jan-19,4643.4
11-Jan-19,4659.2
12-Jan-19,4658.9
13-Jan-19,4658.9
14-Jan-19,4704.9
15-Jan-19,4710.9
16-Jan-19,4730.2
17-Jan-19,4706.1
18-Jan-19,4677.9
19-Jan-19,4674.7
20-Jan-19,4674.7
21-Jan-19,4670.5
22-Jan-19,4695.6
23-Jan-19,4686.5
24-Jan-19,4661.7
25-Jan-19,4730.8
26-Jan-19,4749
27-Jan-19,4726.6
28-Jan-19,4750.2
29-Jan-19,4785.6
30-Jan-19,4823.5
31-Jan-19,4824.7
1-Feb-19,4814
2-Feb-19,4814.3
3-Feb-19,4814.3
4-Feb-19,4838.6
5-Feb-19,4823.2
6-Feb-19,4805.4
7-Feb-19,4799.9
8-Feb-19,4806
9-Feb-19,4803.4
10-Feb-19,4803.4
11-Feb-19,4782.8
12-Feb-19,4806.7
13-Feb-19,4740.1
14-Feb-19,4785.3
15-Feb-19,4820.9
16-Feb-19,4820.4
17-Feb-19,4820.4
18-Feb-19,4854.4
19-Feb-19,4913.9
20-Feb-19,4890.4
21-Feb-19,4845
22-Feb-19,4848.8
23-Feb-19,4847.2
24-Feb-19,4847.2
25-Feb-19,4829.6
26-Feb-19,4840.1
27-Feb-19,4792.9
28-Feb-19,4757.6
1-Mar-19,4706.2
2-Mar-19,4704.6
3-Mar-19,4704.6
4-Mar-19,4682.4
5-Mar-19,4687.7
6-Mar-19,4676.1
7-Mar-19,4614.8
8-Mar-19,4665.6
9-Mar-19,4660.8
10-Mar-19,4650.9
11-Mar-19,4637
12-Mar-19,4661.4
13-Mar-19,4681.1
14-Mar-19,4620.2
15-Mar-19,4617.2
16-Mar-19,4619.2
17-Mar-19,4619.2
18-Mar-19,4580.1
19-Mar-19,4625.4
20-Mar-19,4640.6
21-Mar-19,4611.3
22-Mar-19,4646.2
23-Mar-19,4645.9
24-Mar-19,4636.8
25-Mar-19,4675.9
26-Mar-19,4655.7
27-Mar-19,4634.1
28-Mar-19,4580
29-Mar-19,4589.4
30-Mar-19,4589.4
31-Mar-19,4589.4
1-Apr-19,4582.5
2-Apr-19,4576.7
3-Apr-19,4570
4-Apr-19,4585.6
5-Apr-19,4599.6
6-Apr-19,4599
7-Apr-19,4599
8-Apr-19,4642.4
9-Apr-19,4645.3
10-Apr-19,4653.2
11-Apr-19,4594
12-Apr-19,4590.3
13-Apr-19,4607.6
14-Apr-19,4590.1
15-Apr-19,4589.8
16-Apr-19,4559.9
17-Apr-19,4545
18-Apr-19,4550.9
19-Apr-19,4565
20-Apr-19,4565
21-Apr-19,4565
22-Apr-19,4559.5
23-Apr-19,4558.1
24-Apr-19,4579
25-Apr-19,4606.8
26-Apr-19,4626.8
27-Apr-19,4614.7
28-Apr-19,4614.7
29-Apr-19,4589.5
30-Apr-19,4591.3
1-May-19,4563.7
2-May-19,4550.7
3-May-19,4551.1
4-May-19,4552.9
5-May-19,4552.9
6-May-19,4559.7
7-May-19,4578.4
8-May-19,4574.7
9-May-19,4589.2
10-May-19,4612.4
11-May-19,4613.3
12-May-19,4613.3
13-May-19,4704.4
14-May-19,4688.9
15-May-19,4684.1
16-May-19,4630
17-May-19,4606
18-May-19,4605.7
19-May-19,4605.7
20-May-19,4577.4
21-May-19,4566.4
22-May-19,4561.3
23-May-19,4616.7
24-May-19,4589.9
25-May-19,4581.6
26-May-19,4581.6
27-May-19,4589.7
28-May-19,4577.6
29-May-19,4596.5
30-May-19,4623.9
31-May-19,4684.2
1-Jun-19,4682.7
2-Jun-19,4659.3
3-Jun-19,4710.7
4-Jun-19,4717.9
5-Jun-19,4739.8
6-Jun-19,4746.1
7-Jun-19,4783.9
8-Jun-19,4782.5
9-Jun-19,4782.5
10-Jun-19,4750.2
11-Jun-19,4730.3
12-Jun-19,4748.9
13-Jun-19,4791.3
14-Jun-19,4794
15-Jun-19,4810.2
16-Jun-19,4810.2
17-Jun-19,4809.7
18-Jun-19,4825.2
19-Jun-19,4852.5
20-Jun-19,4959.1
21-Jun-19,4986.6
22-Jun-19,4985.8
23-Jun-19,4985.8
24-Jun-19,5057.4
25-Jun-19,5077.1
26-Jun-19,5006
27-Jun-19,5002.4
28-Jun-19,5011.3
29-Jun-19,5007.9
30-Jun-19,5007.9
1-Jul-19,4927.9
2-Jul-19,5015.6
3-Jul-19,5029.6
4-Jul-19,5007.4
5-Jul-19,4923.5
6-Jul-19,4918.2
7-Jul-19,4912.5
8-Jul-19,4908.1
9-Jul-19,4917.9
10-Jul-19,4992.9
11-Jul-19,4937.5
12-Jul-19,4973.2
13-Jul-19,4976.7
14-Jul-19,4976.7
15-Jul-19,4979.4
16-Jul-19,4944.9
17-Jul-19,5024.6
18-Jul-19,5105
19-Jul-19,5031.5
20-Jul-19,5035.5
21-Jul-19,5035.5
22-Jul-19,5044.4
23-Jul-19,5018.5
24-Jul-19,5049.9
25-Jul-19,5008
26-Jul-19,5012.6
27-Jul-19,5017.2
28-Jul-19,5017.2
29-Jul-19,5042.3
30-Jul-19,5060.4
31-Jul-19,4996
1-Aug-19,5118.4
2-Aug-19,5116.7
3-Aug-19,5117
4-Aug-19,5117
5-Aug-19,5272.8
6-Aug-19,5350.2
7-Aug-19,5429.1
8-Aug-19,5450.4
9-Aug-19,5431.2
10-Aug-19,5428.8
11-Aug-19,5428.8
12-Aug-19,5536.6
13-Aug-19,5486.6
14-Aug-19,5506.7
15-Aug-19,5577.8
16-Aug-19,5519.1
17-Aug-19,5514.9
18-Aug-19,5514.9
19-Aug-19,5483.1
20-Aug-19,5540.1
21-Aug-19,5514.7
22-Aug-19,5515.8
23-Aug-19,5613.3
24-Aug-19,5611.4
25-Aug-19,5518.6
26-Aug-19,5644.6
27-Aug-19,5705.4
28-Aug-19,5677.5
29-Aug-19,5626.7
30-Aug-19,5587.7
31-Aug-19,5584.5
1-Sep-19,5584.5
2-Sep-19,5606.7
3-Sep-19,5671
4-Sep-19,5754.8
5-Sep-19,5600.2
6-Sep-19,5540.5
7-Sep-19,5546.5
8-Sep-19,5492.4
9-Sep-19,5508.1
10-Sep-19,5495.6
11-Sep-19,5507.5
12-Sep-19,5475.7
13-Sep-19,5410.6
14-Sep-19,5417.3
15-Sep-19,5417.3
16-Sep-19,5503.9
17-Sep-19,5543.6
18-Sep-19,5462.7
19-Sep-19,5474.6
20-Sep-19,5517.9
21-Sep-19,5519
22-Sep-19,5519
23-Sep-19,5548.5
24-Sep-19,5586.2
25-Sep-19,5487.5
26-Sep-19,5474.4
27-Sep-19,5454.1
28-Sep-19,5426.2
29-Sep-19,5425.2
30-Sep-19,5354.2
1-Oct-19,5380.7
2-Oct-19,5455.9
3-Oct-19,5479.9
4-Oct-19,5475
5-Oct-19,5474.6
6-Oct-19,5474.6
7-Oct-19,5438.9
8-Oct-19,5500.1
9-Oct-19,5496.4
10-Oct-19,5453.5
11-Oct-19,5426.6
12-Oct-19,5426
13-Oct-19,5427.9
14-Oct-19,5457.4
15-Oct-19,5417.2
16-Oct-19,5466.8
17-Oct-19,5451
18-Oct-19,5449.6
19-Oct-19,5448.1
20-Oct-19,5448.1
21-Oct-19,5397.4
22-Oct-19,5427.2
23-Oct-19,5436.1
24-Oct-19,5484.6
25-Oct-19,5483.2
26-Oct-19,5481.1
27-Oct-19,5481.1
28-Oct-19,5423
29-Oct-19,5414.4
30-Oct-19,5443.3
31-Oct-19,5508.9
1-Nov-19,5497.6
2-Nov-19,5502.7
3-Nov-19,5502.7
4-Nov-19,5478.8
5-Nov-19,5388.1
6-Nov-19,5422.9
7-Nov-19,5347.6
8-Nov-19,5341.5
9-Nov-19,5327.9
10-Nov-19,5338.8
11-Nov-19,5350.1
12-Nov-19,5366.7
13-Nov-19,5384.5
14-Nov-19,5433.8
15-Nov-19,5409.2
16-Nov-19,5404
17-Nov-19,5404
18-Nov-19,5425.2
19-Nov-19,5422.3
20-Nov-19,5429.4
21-Nov-19,5399.5
22-Nov-19,5385.2
23-Nov-19,5382.9
24-Nov-19,5382.9
25-Nov-19,5359.6
26-Nov-19,5370
27-Nov-19,5333.6
28-Nov-19,5354
29-Nov-19,5393.1
30-Nov-19,5383.8
1-Dec-19,5383.8
2-Dec-19,5389.5
3-Dec-19,5442.1
4-Dec-19,5414.4
5-Dec-19,5415
6-Dec-19,5339.9
7-Dec-19,5340.3
8-Dec-19,5340.3
9-Dec-19,5329.3
10-Dec-19,5339.3
11-Dec-19,5376
12-Dec-19,5346.5
13-Dec-19,5364.9
14-Dec-19,5361.8
15-Dec-19,5361.8
16-Dec-19,5380.3
17-Dec-19,5381.8
18-Dec-19,5380.4
19-Dec-19,5397.6
20-Dec-19,5398.5
21-Dec-19,5398.1
22-Dec-19,5404
23-Dec-19,5434.4
24-Dec-19,5491.4
25-Dec-19,5485.9
26-Dec-19,5524.3
27-Dec-19,5530.4
28-Dec-19,5525.2
29-Dec-19,5539.9
30-Dec-19,5554.3
31-Dec-19,5573.1
1-Jan-20,5581.5
2-Jan-20,5598.4
3-Jan-20,5678.2
4-Jan-20,5692
5-Jan-20,5722.5
6-Jan-20,5771.6
7-Jan-20,5785.6
8-Jan-20,5716.2
9-Jan-20,5717.8
10-Jan-20,5692.6
11-Jan-20,5685.7
12-Jan-20,5672.6
13-Jan-20,5628.5
14-Jan-20,5613.2
15-Jan-20,5649.8
16-Jan-20,5640.7
17-Jan-20,5684.4
18-Jan-20,5671.5
19-Jan-20,5672.6
20-Jan-20,5695.2
21-Jan-20,5689.7
22-Jan-20,5694.3
23-Jan-20,5719.2
24-Jan-20,5753.7
25-Jan-20,5752.2
26-Jan-20,5752.2
27-Jan-20,5798.8
28-Jan-20,5750.8
29-Jan-20,5767
30-Jan-20,5785.6
31-Jan-20,5811.2
1-Feb-20,5821.1
2-Feb-20,5821.1
3-Feb-20,5775.7
4-Feb-20,5686.6
5-Feb-20,5694.2
6-Feb-20,5721.9
7-Feb-20,5753.7
8-Feb-20,5748
9-Feb-20,5748
10-Feb-20,5767.4
11-Feb-20,5739.5
12-Feb-20,5724.5
13-Feb-20,5771.5
14-Feb-20,5795
15-Feb-20,5803.3
16-Feb-20,5803.3
17-Feb-20,5783.2
18-Feb-20,5864.5
19-Feb-20,5894.3
20-Feb-20,5957
21-Feb-20,6048.7
22-Feb-20,6043.6
23-Feb-20,6080.7
24-Feb-20,6101.7
25-Feb-20,6081.2
26-Feb-20,6060
27-Feb-20,6032.1
28-Feb-20,5869.8
29-Feb-20,5878.8
1-Mar-20,5878.8
2-Mar-20,5929.3
3-Mar-20,6143.8
4-Mar-20,6160.8
5-Mar-20,6282
6-Mar-20,6392.3
7-Mar-20,6336.9
8-Mar-20,6336.9
9-Mar-20,6372.3
10-Mar-20,6277.2
11-Mar-20,6178.8
12-Mar-20,5967.8
13-Mar-20,5753.4
14-Mar-20,5796.4
15-Mar-20,5796.4
16-Mar-20,5705.4
17-Mar-20,5833.2
18-Mar-20,5682.9
19-Mar-20,5645.5
20-Mar-20,5717.1
21-Mar-20,5753.1
22-Mar-20,5753.1
23-Mar-20,6038.1
24-Mar-20,6367.3
25-Mar-20,6313.6
26-Mar-20,6308.8
27-Mar-20,6264.6
28-Mar-20,6258.3
29-Mar-20,6190.6
30-Mar-20,6297.8
31-Mar-20,6116
1-Apr-20,6151.6
2-Apr-20,6340.4
3-Apr-20,6313.6
4-Apr-20,6307.5
5-Apr-20,6307.5
6-Apr-20,6521
7-Apr-20,6428.8
8-Apr-20,6441.6
9-Apr-20,6596.1
10-Apr-20,6559.4
11-Apr-20,6559.4
12-Apr-20,6559.4
13-Apr-20,6668.8
14-Apr-20,6719.3
15-Apr-20,6708.4
16-Apr-20,6758.8
17-Apr-20,6612.6
18-Apr-20,6588.9
19-Apr-20,6588.9
20-Apr-20,6675.3
21-Apr-20,6651.6
22-Apr-20,6744.6
23-Apr-20,6776.2
24-Apr-20,6774.7
25-Apr-20,6771.9
26-Apr-20,6771.9
27-Apr-20,6716.1
28-Apr-20,6687
29-Apr-20,6676.9
30-Apr-20,6555.9
1-May-20,6552.2
2-May-20,6557.5
3-May-20,6514.1
4-May-20,6615.4
5-May-20,6644.1
6-May-20,6574.8
7-May-20,6691.2
8-May-20,6624
9-May-20,6617.6
10-May-20,6617.6
11-May-20,6603.8
12-May-20,6579.9
13-May-20,6636.2
14-May-20,6718.7
15-May-20,6782
16-May-20,6786.7
17-May-20,6786.7
18-May-20,6766.2
19-May-20,6787.9
20-May-20,6794.9
21-May-20,6692
22-May-20,6762.2
23-May-20,6765.5
24-May-20,6765.5
25-May-20,6739.7
26-May-20,6667.6
27-May-20,6652.7
28-May-20,6693
29-May-20,6720
30-May-20,6719.7
31-May-20,6719.7
1-Jun-20,6742.5
2-Jun-20,6680.3
3-Jun-20,6581.9
4-Jun-20,6666.2
5-Jun-20,6534.7
6-Jun-20,6545
7-Jun-20,6545
8-Jun-20,6588.7
9-Jun-20,6655.4
10-Jun-20,6743.2
11-Jun-20,6725.4
12-Jun-20,6750.2
13-Jun-20,6749.1
14-Jun-20,6749.1
15-Jun-20,6750.5
16-Jun-20,6747.5
17-Jun-20,6756.2
18-Jun-20,6741.2
19-Jun-20,6812.4
20-Jun-20,6809.1
21-Jun-20,6809.1
22-Jun-20,6857.6
23-Jun-20,6875.5
24-Jun-20,6861.2
25-Jun-20,6847.2
26-Jun-20,6870.4
27-Jun-20,6870.4
28-Jun-20,6870.4
29-Jun-20,6872.7
30-Jun-20,6915.2
1-Jul-20,6880
2-Jul-20,6866.1
3-Jul-20,6841.7
4-Jul-20,6841.7
5-Jul-20,6802.8
6-Jul-20,6848.7
7-Jul-20,6907.8
8-Jul-20,6969.2
9-Jul-20,6939.5
10-Jul-20,6944.7
11-Jul-20,6937.3
12-Jul-20,6937.3
13-Jul-20,6957.6
14-Jul-20,6978.6
15-Jul-20,6990.9
16-Jul-20,6940.3
17-Jul-20,6973.8
18-Jul-20,6971.5
19-Jul-20,6971.5
20-Jul-20,6976.6
21-Jul-20,7053.3
22-Jul-20,7151.7
23-Jul-20,7234
24-Jul-20,7305.6
25-Jul-20,7306.2
26-Jul-20,7306.2
27-Jul-20,7440.2
28-Jul-20,7507.4
29-Jul-20,7556.6
30-Jul-20,7503.8
31-Jul-20,7579.8
1-Aug-20,7576.9
2-Aug-20,7576.9
3-Aug-20,7600.6
4-Aug-20,7776.3
5-Aug-20,7826.2
6-Aug-20,7932.7
7-Aug-20,7814.8
8-Aug-20,7839.1
9-Aug-20,7839.1
10-Aug-20,7784.9
11-Aug-20,7352.5
12-Aug-20,7351.7
13-Aug-20,7504.5
14-Aug-20,7462.4
15-Aug-20,7468.5
16-Aug-20,7468.5
17-Aug-20,7628.3
18-Aug-20,7674.4
19-Aug-20,7439.2
20-Aug-20,7514.1
21-Aug-20,7447.2
22-Aug-20,7442.6
23-Aug-20,7442.6
24-Aug-20,7335.4
25-Aug-20,7353.2
26-Aug-20,7444.2
27-Aug-20,7315
28-Aug-20,7435.5
29-Aug-20,7435.7
30-Aug-20,7395.7
31-Aug-20,7411.7
1-Sep-20,7407.6
2-Sep-20,7296.6
3-Sep-20,7264.7
4-Sep-20,7256.4
5-Sep-20,7253.9
6-Sep-20,7253.9
7-Sep-20,7250.2
8-Sep-20,7269.7
9-Sep-20,7359.3
10-Sep-20,7313.6
11-Sep-20,7331.9
12-Sep-20,7331.9
13-Sep-20,7331.9
14-Sep-20,7374
15-Sep-20,7361.6
16-Sep-20,7391
17-Sep-20,7349.9
18-Sep-20,7342.6
19-Sep-20,7342.6
20-Sep-20,7342.6
21-Sep-20,7202.5
22-Sep-20,7167.7
23-Sep-20,7031.8
24-Sep-20,7073.7
25-Sep-20,7048.7
26-Sep-20,7048.7
27-Sep-20,7048.7
28-Sep-20,7115.3
29-Sep-20,7187
30-Sep-20,7149.8
1-Oct-20,7210.7
2-Oct-20,7167.5
3-Oct-20,7161.8
4-Oct-20,7161.8
5-Oct-20,7192.6
6-Oct-20,7115.3
7-Oct-20,7103
8-Oct-20,7125.7
9-Oct-20,7240.7
10-Oct-20,7245.3
11-Oct-20,7245.3
12-Oct-20,7242
13-Oct-20,7130
14-Oct-20,7159.2
15-Oct-20,7193.7
16-Oct-20,7145
17-Oct-20,7141.9
18-Oct-20,7141.9
19-Oct-20,7161
20-Oct-20,7175
21-Oct-20,7248.5
22-Oct-20,7208
23-Oct-20,7197.3
24-Oct-20,7196.5
25-Oct-20,7196.5
26-Oct-20,7229.9
27-Oct-20,7213.2
28-Oct-20,7127.2
29-Oct-20,7089.1
30-Oct-20,7190.2
31-Oct-20,7192.4
1-Nov-20,7192.4
2-Nov-20,7243.2
3-Nov-20,7288.6
4-Nov-20,7272.7
5-Nov-20,7469.7
6-Nov-20,7428.6
7-Nov-20,7429.7
8-Nov-20,7429.7
9-Nov-20,7096.8
10-Nov-20,7145.9
11-Nov-20,7089.7
12-Nov-20,7159.7
13-Nov-20,7236.1
14-Nov-20,7239
15-Nov-20,7239
16-Nov-20,7203.9
17-Nov-20,7221.1
18-Nov-20,7142.1
19-Nov-20,7104.6
20-Nov-20,7131
21-Nov-20,7122.5
22-Nov-20,7122.5
23-Nov-20,6996
24-Nov-20,6861.5
25-Nov-20,6862.7
26-Nov-20,6861.2
27-Nov-20,6794
28-Nov-20,6794
29-Nov-20,6794
30-Nov-20,6764.6
1-Dec-20,6866.2
2-Dec-20,6938.6
3-Dec-20,6986
4-Dec-20,6957
5-Dec-20,6959.8
6-Dec-20,6959.8
7-Dec-20,7058.2
8-Dec-20,7067.3
9-Dec-20,6932.6
10-Dec-20,6948.7
11-Dec-20,6969.6
12-Dec-20,6975.4
13-Dec-20,6975.4
14-Dec-20,6893.8
15-Dec-20,6999.9
16-Dec-20,7039
17-Dec-20,7121.4
18-Dec-20,7086.4
19-Dec-20,7092.1
20-Dec-20,7092.1
21-Dec-20,7133.4
22-Dec-20,7070.9
23-Dec-20,7083
24-Dec-20,7100.7
25-Dec-20,7102.6
26-Dec-20,7102.6
27-Dec-20,7102.6
28-Dec-20,7077.7
29-Dec-20,7076.4
30-Dec-20,7112.5
31-Dec-20,7104.9
1-Jan-21,7141.6
2-Jan-21,7141.6
3-Jan-21,7141.6
4-Jan-21,7279.1
5-Jan-21,7348.1
6-Jan-21,7205.8
7-Jan-21,7202
8-Jan-21,6943.7
9-Jan-21,6965.7
10-Jan-21,6965.7
11-Jan-21,6963
12-Jan-21,6969.3
13-Jan-21,6962.3
14-Jan-21,6914.1
15-Jan-21,6852.7
16-Jan-21,6875.1
17-Jan-21,6875.1
18-Jan-21,6916
19-Jan-21,6912.9
20-Jan-21,7013.1
21-Jan-21,6997.9
22-Jan-21,6964.8
23-Jan-21,6957
24-Jan-21,6957
25-Jan-21,6937.6
26-Jan-21,6929.8
27-Jan-21,6878.3
28-Jan-21,6914.6
29-Jan-21,6915.8
30-Jan-21,6912.8
31-Jan-21,6915.2
1-Feb-21,6955.2
2-Feb-21,6870.6
3-Feb-21,6864.8
4-Feb-21,6712.1
5-Feb-21,6774.4
6-Feb-21,6785.2
7-Feb-21,6785.2
8-Feb-21,6856.6
9-Feb-21,6881.9
10-Feb-21,6896.9
11-Feb-21,6810.9
12-Feb-21,6792.9
13-Feb-21,6815.4
14-Feb-21,6815.4
15-Feb-21,6781
16-Feb-21,6694.6
17-Feb-21,6630.6
18-Feb-21,6615.8
19-Feb-21,6632.5
20-Feb-21,6645.6
21-Feb-21,6656
22-Feb-21,6713.2
23-Feb-21,6715.8
24-Feb-21,6677.2
25-Feb-21,6581.5
26-Feb-21,6420.4
27-Feb-21,6442.6
28-Feb-21,6515.3
1-Mar-21,6499.8
2-Mar-21,6541
3-Mar-21,6424.4
4-Mar-21,6348.4
5-Mar-21,6349.7
6-Mar-21,6356.4
7-Mar-21,6356.4
8-Mar-21,6319.5
9-Mar-21,6441.8
10-Mar-21,6455.2
11-Mar-21,6433.9
12-Mar-21,6427.2
13-Mar-21,6445.9
14-Mar-21,6429.2
15-Mar-21,6462.4
16-Mar-21,6453.7
17-Mar-21,6492.4
18-Mar-21,6451
19-Mar-21,6480.5
20-Mar-21,6490.3
21-Mar-21,6490.3
22-Mar-21,6456.7
23-Mar-21,6407
24-Mar-21,6468.1
25-Mar-21,6434.3
26-Mar-21,6437.7
27-Mar-21,6439.4
28-Mar-21,6439.4
29-Mar-21,6387.2
30-Mar-21,6277.8
31-Mar-21,6410.7
1-Apr-21,6520.6
2-Apr-21,6529.7
3-Apr-21,6529.7
4-Apr-21,6529.7
5-Apr-21,6512.7
6-Apr-21,6573.1
7-Apr-21,6518.9
8-Apr-21,6698.1
9-Apr-21,6683
10-Apr-21,6682.6
11-Apr-21,6682.6
12-Apr-21,6660.8
13-Apr-21,6710.9
14-Apr-21,6704.1
15-Apr-21,6791.5
16-Apr-21,6770.6
17-Apr-21,6776.1
18-Apr-21,6776.1
19-Apr-21,6769.2
20-Apr-21,6795.3
21-Apr-21,6911.2
22-Apr-21,6875.8
23-Apr-21,6833.7
24-Apr-21,6812.6
25-Apr-21,6812.6
26-Apr-21,6836.1
27-Apr-21,6797.8
28-Apr-21,6808.2
29-Apr-21,6750
30-Apr-21,6724.9
1-May-21,6764.4
2-May-21,6764.4
3-May-21,6802.9
4-May-21,6746.2
5-May-21,6779.8
6-May-21,6873.8
7-May-21,6909.4
8-May-21,6905
9-May-21,6854.1
10-May-21,6922.1
11-May-21,6914.5
12-May-21,6867.6
13-May-21,6902.1
14-May-21,6932.3
15-May-21,6937.1
16-May-21,6937.1
17-May-21,7003.7
18-May-21,7001.6
19-May-21,7029.2
20-May-21,7046.4
21-May-21,7055.7
22-May-21,7058.7
23-May-21,7029.3
24-May-21,7041.7
25-May-21,7098.1
26-May-21,7083.6
27-May-21,7114.2
28-May-21,7094.8
29-May-21,7095.7
30-May-21,7086.4
31-May-21,7102.9
1-Jun-21,7052
2-Jun-21,7165.9
3-Jun-21,7009.7
4-Jun-21,7095.1
5-Jun-21,7092.3
6-Jun-21,7092.3
7-Jun-21,7103.8
8-Jun-21,7084.2
9-Jun-21,7078.7
10-Jun-21,7124.2
11-Jun-21,7049.7
12-Jun-21,7052
13-Jun-21,7052
14-Jun-21,7021
15-Jun-21,7000.9
16-Jun-21,6890.2
17-Jun-21,6676.3
18-Jun-21,6694.2
19-Jun-21,6698.4
20-Jun-21,6698.4
21-Jun-21,6788.3
22-Jun-21,6782.2
23-Jun-21,6757.7
24-Jun-21,6754.4
25-Jun-21,6782.2
26-Jun-21,6789.6
27-Jun-21,6795.3
28-Jun-21,6783.5
29-Jun-21,6716.3
30-Jun-21,6750.3
1-Jul-21,6775.2
2-Jul-21,6828.5
3-Jul-21,6827.2
4-Jul-21,6838.1
5-Jul-21,6841.3
6-Jul-21,6863.6
7-Jul-21,6898.8
8-Jul-21,6921.5
9-Jul-21,6924.2
10-Jul-21,6913.3
11-Jul-21,6913.3
12-Jul-21,6913.8
13-Jul-21,6919.5
14-Jul-21,6991.2
15-Jul-21,6996
16-Jul-21,6936.1
17-Jul-21,6936
18-Jul-21,6936
19-Jul-21,6965.9
20-Jul-21,6949
21-Jul-21,6910.6
22-Jul-21,6904.4
23-Jul-21,6886.4
24-Jul-21,6884.7
25-Jul-21,6884.7
26-Jul-21,6873.5
27-Jul-21,6884.8
28-Jul-21,6899.7
29-Jul-21,6973.7
30-Jul-21,6922.7
31-Jul-21,6923.3
1-Aug-21,6923.3
2-Aug-21,6925.2
3-Aug-21,6902
4-Aug-21,6903.2
5-Aug-21,6869
6-Aug-21,6705.5
7-Aug-21,6738.6
8-Aug-21,6738.6
9-Aug-21,6592.5
10-Aug-21,6603.4
11-Aug-21,6700.8
12-Aug-21,6684
13-Aug-21,6783.6
14-Aug-21,6787.6
15-Aug-21,6787.6
16-Aug-21,6809
17-Aug-21,6808.3
18-Aug-21,6811.5
19-Aug-21,6801.5
20-Aug-21,6808.8
21-Aug-21,6793.4
22-Aug-21,6793.4
23-Aug-21,6881.1
24-Aug-21,6871.9
25-Aug-21,6828.9
26-Aug-21,6828.7
27-Aug-21,6917.1
28-Aug-21,6911.5
29-Aug-21,6911.5
30-Aug-21,6806.7
31-Aug-21,6794.5
1-Sep-21,6808.1
2-Sep-21,6789.9
3-Sep-21,6855.6
4-Sep-21,6853.3
5-Sep-21,6853.3
6-Sep-21,6840.1
7-Sep-21,6729.1
8-Sep-21,6748.8
9-Sep-21,6781.5
10-Sep-21,6743.6
11-Sep-21,6741.1
12-Sep-21,6741.1
13-Sep-21,6782.1
14-Sep-21,6817.2
15-Sep-21,6786.1
16-Sep-21,6612.9
17-Sep-21,6620
18-Sep-21,6629.2
19-Sep-21,6629.2
20-Sep-21,6677.6
21-Sep-21,6709.8
22-Sep-21,6700.8
23-Sep-21,6616.8
24-Sep-21,6611.4
25-Sep-21,6625.9
26-Sep-21,6625.9
27-Sep-21,6624.7
28-Sep-21,6569.5
29-Sep-21,6572.8
30-Sep-21,6692.7
1-Oct-21,6700.7
2-Oct-21,6702.8
3-Oct-21,6702.8
4-Oct-21,6751.9
5-Oct-21,6735.1
6-Oct-21,6752.8
7-Oct-21,6739.9
8-Oct-21,6771.7
9-Oct-21,6769.5
10-Oct-21,6769.5
11-Oct-21,6791.2
12-Oct-21,6825.9
13-Oct-21,6940.1
14-Oct-21,6942.9
15-Oct-21,6808
16-Oct-21,6805.7
17-Oct-21,6805.7
18-Oct-21,6823.3
19-Oct-21,6822.1
20-Oct-21,6863.2
21-Oct-21,6851.2
22-Oct-21,6881.8
23-Oct-21,6875.5
24-Oct-21,6873.9
25-Oct-21,6959.3
26-Oct-21,6908.7
27-Oct-21,6928.9
28-Oct-21,6914.5
29-Oct-21,6861.3
30-Oct-21,6861.6
31-Oct-21,6861.6
1-Nov-21,6899.6
2-Nov-21,6860.8
3-Nov-21,6779.9
4-Nov-21,6859.3
5-Nov-21,6932.2
6-Nov-21,6937.2
7-Nov-21,6937.2
8-Nov-21,6941.7
9-Nov-21,6962.7
10-Nov-21,7052
11-Nov-21,7123.8
12-Nov-21,7128.6
13-Nov-21,7133.2
14-Nov-21,7133.2
15-Nov-21,7134.6
16-Nov-21,7068.6
17-Nov-21,7125.2
18-Nov-21,7088.1
19-Nov-21,7043.4
20-Nov-21,7037.2
21-Nov-21,7037.2
22-Nov-21,6898.4
23-Nov-21,6830.2
24-Nov-21,6817.2
25-Nov-21,6835.8
26-Nov-21,6851.7
27-Nov-21,6851.7
28-Nov-21,6895.7
29-Nov-21,6875.9
30-Nov-21,6846.8
1-Dec-21,6844.3
2-Dec-21,6808.7
3-Dec-21,6885
4-Dec-21,6874.6
5-Dec-21,6874.6
6-Dec-21,6878.3
7-Dec-21,6914
8-Dec-21,6926.2
9-Dec-21,6900.9
10-Dec-21,6934.7
11-Dec-21,6910.5
12-Dec-21,6910.5
13-Dec-21,6957.4
14-Dec-21,6907.4
15-Dec-21,6943.9
16-Dec-21,7017.8
17-Dec-21,7019.6
18-Dec-21,6989.4
19-Dec-21,6989.4
20-Dec-21,6979
21-Dec-21,6942.1
22-Dec-21,7001.2
23-Dec-21,6991.1
24-Dec-21,6953.2
25-Dec-21,6953.2
26-Dec-21,6953.2
27-Dec-21,6969
28-Dec-21,6951.6
29-Dec-21,6931.5
30-Dec-21,6940.3
31-Dec-21,6980.5
1-Jan-22,6980.5
2-Jan-22,6980.5
3-Jan-22,6879.8
4-Jan-22,6934.3
5-Jan-22,6923.7
6-Jan-22,6837.5
7-Jan-22,6859.6
8-Jan-22,6858.7
9-Jan-22,6824.6
10-Jan-22,6852.6
11-Jan-22,6911.4
12-Jan-22,6943.3
13-Jan-22,6907.7
14-Jan-22,6916.7
15-Jan-22,6917.3
16-Jan-22,6917.3
17-Jan-22,6936.1
18-Jan-22,6951.9
19-Jan-22,7038.1
20-Jan-22,7043.1
21-Jan-22,6996.9
22-Jan-22,7011.8
23-Jan-22,7011.8
24-Jan-22,7042.6
25-Jan-22,7102.3
26-Jan-22,6991.5
27-Jan-22,6916.4
28-Jan-22,6889.7
29-Jan-22,6906.4
30-Jan-22,6900.4
31-Jan-22,6901.4
1-Feb-22,6909.2
2-Feb-22,6955.2
3-Feb-22,6930.6
4-Feb-22,6932.8
5-Feb-22,6939.4
6-Feb-22,6939.4
7-Feb-22,7015
8-Feb-22,7010.6
9-Feb-22,7041.8
10-Feb-22,7035.3
11-Feb-22,7191.5
12-Feb-22,7213.7
13-Feb-22,7213.7
14-Feb-22,7254.7
15-Feb-22,7185.9
16-Feb-22,7240.7
17-Feb-22,7308.2
18-Feb-22,7263.3
19-Feb-22,7279.6
20-Feb-22,7279.6
21-Feb-22,7295
22-Feb-22,7291.4
23-Feb-22,7304.5
24-Feb-22,7245.6
25-Feb-22,7299.4
26-Feb-22,7249.8
27-Feb-22,7249.8
28-Feb-22,7389.5
1-Mar-22,7541.4
2-Mar-22,7511.8
3-Mar-22,7549.5
4-Mar-22,7724.7
5-Mar-22,7749.5
6-Mar-22,7749.5
7-Mar-22,7872.9
8-Mar-22,8012.4
9-Mar-22,7843.2
10-Mar-22,7824.6
11-Mar-22,7773.8
12-Mar-22,7782.8
13-Mar-22,7782.8
14-Mar-22,7669.4
15-Mar-22,7522.9
16-Mar-22,7557.5
17-Mar-22,7541.6
18-Mar-22,7473.5
19-Mar-22,7480.1
20-Mar-22,7480.1
21-Mar-22,7559.9
22-Mar-22,7499
23-Mar-22,7593.7
24-Mar-22,7685.2
25-Mar-22,7650.3
26-Mar-22,7680.6
27-Mar-22,7680.6
28-Mar-22,7509.8
29-Mar-22,7489.6
30-Mar-22,7549.1
31-Mar-22,7546.8
1-Apr-22,7515.1
2-Apr-22,7523.8
3-Apr-22,7523.8
4-Apr-22,7494.9
5-Apr-22,7437.7
6-Apr-22,7492.9
7-Apr-22,7534.8
8-Apr-22,7588.7
9-Apr-22,7588.8
10-Apr-22,7588.8
11-Apr-22,7629.5
12-Apr-22,7687.8
13-Apr-22,7728.3
14-Apr-22,7712.1
15-Apr-22,7718.4
16-Apr-22,7718.4
17-Apr-22,7784.8
18-Apr-22,7806
19-Apr-22,7706.6
20-Apr-22,7684
21-Apr-22,7643.9
22-Apr-22,7576.5
23-Apr-22,7595.2
24-Apr-22,7595.2
25-Apr-22,7466.9
26-Apr-22,7490.5
27-Apr-22,7421
28-Apr-22,7439.8
29-Apr-22,7441.9
30-Apr-22,7445.2
1-May-22,7445.2
2-May-22,7312
3-May-22,7318.6
4-May-22,7390.6
5-May-22,7363.3
6-May-22,7409
7-May-22,7412
8-May-22,7412
9-May-22,7380.2
10-May-22,7290.2
11-May-22,7349.9
12-May-22,7251
13-May-22,7182.9
14-May-22,7191.6
15-May-22,7191.6
16-May-22,7279.3
17-May-22,7217.1
18-May-22,7231.6
19-May-22,7349.8
20-May-22,7356.2
21-May-22,7362
22-May-22,7362
23-May-22,7382
24-May-22,7444.1
25-May-22,7382.1
26-May-22,7380.3
27-May-22,7383.8
28-May-22,7383.7
29-May-22,7383.7
30-May-22,7381.3
31-May-22,7330.3
1-Jun-22,7356.5
2-Jun-22,7448.6
3-Jun-22,7379.1
4-Jun-22,7394
5-Jun-22,7394
6-Jun-22,7343.1
7-Jun-22,7409.3
8-Jun-22,7389.4
9-Jun-22,7375.5
10-Jun-22,7484.2
11-Jun-22,7480.6
12-Jun-22,7530.9
13-Jun-22,7316.6
14-Jun-22,7243.1
15-Jun-22,7346.2
16-Jun-22,7435.8
17-Jun-22,7361.2
18-Jun-22,7388.3
19-Jun-22,7388.3
20-Jun-22,7367.8
21-Jun-22,7339
22-Jun-22,7382.2
23-Jun-22,7346
24-Jun-22,7340.4
25-Jun-22,7346.9
26-Jun-22,7346.9
27-Jun-22,7331.4
28-Jun-22,7321.8
29-Jun-22,7384.8
30-Jun-22,7314.8
1-Jul-22,7324.1
2-Jul-22,7341.1
3-Jul-22,7341.1
4-Jul-22,7330.7
5-Jul-22,7178.4
6-Jul-22,7090.7
7-Jul-22,7077.9
8-Jul-22,7062
9-Jul-22,7057.8
10-Jul-22,7057.8
11-Jul-22,7040
12-Jul-22,7048.2
13-Jul-22,7083.3
14-Jul-22,7009.9
15-Jul-22,6995.1
16-Jul-22,6989.8
17-Jul-22,6989.8
18-Jul-22,7007.9
19-Jul-22,7031.8
20-Jul-22,6955.8
21-Jul-22,7056.4
22-Jul-22,7076.6
23-Jul-22,7089
24-Jul-22,7054
25-Jul-22,7041.2
26-Jul-22,7029.6
27-Jul-22,7103.9
28-Jul-22,7195.7
29-Jul-22,7183.5
30-Jul-22,7198.4
31-Jul-22,7198.4
1-Aug-22,7193.6
2-Aug-22,7106.3
3-Aug-22,7169.6
4-Aug-22,7313.3
5-Aug-22,7215
6-Aug-22,7252.3
7-Aug-22,7252.3
8-Aug-22,7304.9
9-Aug-22,7330.6
10-Aug-22,7313.5
11-Aug-22,7299.6
12-Aug-22,7362.1
13-Aug-22,7368
14-Aug-22,7368
15-Aug-22,7270
16-Aug-22,7235.6
17-Aug-22,7197.4
18-Aug-22,7194.4
19-Aug-22,7155.9
20-Aug-22,7166.3
21-Aug-22,7166.3
22-Aug-22,7114.8
23-Aug-22,7165.7
24-Aug-22,7186.4
25-Aug-22,7200.7
26-Aug-22,7127.7
27-Aug-22,7162.8
28-Aug-22,7162.8
29-Aug-22,7184.2
30-Aug-22,7026.6
31-Aug-22,6977
1-Sep-22,6919.5
2-Sep-22,7004.2
3-Sep-22,7011
4-Sep-22,7011
5-Sep-22,7012.7
6-Sep-22,6963.1
7-Sep-22,7045.6
8-Sep-22,6989.6
9-Sep-22,6999.2
10-Sep-22,7000.9
11-Sep-22,7000.9
12-Sep-22,7052.6
13-Sep-22,6958.2
14-Sep-22,6922.3
15-Sep-22,6796.7
16-Sep-22,6855.2
17-Sep-22,6790.3
18-Sep-22,6790.3
19-Sep-22,6845.1
20-Sep-22,6813
21-Sep-22,6877.4
22-Sep-22,6935.7
23-Sep-22,6825
24-Sep-22,6873
25-Sep-22,6873
26-Sep-22,6796.8
27-Sep-22,6824.1
28-Sep-22,6993.4
29-Sep-22,6986.3
30-Sep-22,6954.2
1-Oct-22,6955.8
2-Oct-22,6955.8
3-Oct-22,7142.5
4-Oct-22,7231.4
5-Oct-22,7190.6
6-Oct-22,7213.8
7-Oct-22,7167.3
8-Oct-22,7165.3
9-Oct-22,7210.7
10-Oct-22,7053.5
11-Oct-22,7046.5
12-Oct-22,7077.8
13-Oct-22,7041.8
14-Oct-22,6955.6
15-Oct-22,6956.3
16-Oct-22,6956.3
17-Oct-22,6976.1
18-Oct-22,6978.1
19-Oct-22,6858.3
20-Oct-22,6906.4
21-Oct-22,7028
22-Oct-22,6958.3
23-Oct-22,6958.3
24-Oct-22,6976.9
25-Oct-22,7027.2
26-Oct-22,7011.7
27-Oct-22,7025.4
28-Oct-22,6995.9
29-Oct-22,6999.5
30-Oct-22,6999.5
31-Oct-22,6951.3
1-Nov-22,6988
2-Nov-22,6949.6
3-Nov-22,6931.8
4-Nov-22,7135.5
5-Nov-22,7139.3
6-Nov-22,6966.9
7-Nov-22,7068.8
8-Nov-22,7170.9
9-Nov-22,7127.7
10-Nov-22,7358.7
11-Nov-22,7328.8
12-Nov-22,7290.9
13-Nov-22,7290.9
14-Nov-22,7407.8
15-Nov-22,7396.3
16-Nov-22,7403.1
17-Nov-22,7377.8
18-Nov-22,7330.9
19-Nov-22,7334.6
20-Nov-22,7334.6
21-Nov-22,7299.3
22-Nov-22,7290.1
23-Nov-22,7362.7
24-Nov-22,7366.2
25-Nov-22,7352.1
26-Nov-22,7352.1
27-Nov-22,7352.1
28-Nov-22,7301.4
29-Nov-22,7344.2
30-Nov-22,7385.7
1-Dec-22,7518
2-Dec-22,7507.9
3-Dec-22,7500.6
4-Dec-22,7500.6
5-Dec-22,7424
6-Dec-22,7518.7
7-Dec-22,7575.3
8-Dec-22,7571.9
9-Dec-22,7608.1
10-Dec-22,7606.1
11-Dec-22,7606.1
12-Dec-22,7543.7
13-Dec-22,7681.7
14-Dec-22,7659.3
15-Dec-22,7561
16-Dec-22,7629.6
17-Dec-22,7626.5
18-Dec-22,7649.6
19-Dec-22,7584.1
20-Dec-22,7725
21-Dec-22,7705
22-Dec-22,7596.7
23-Dec-22,7642.2
24-Dec-22,7649.1
25-Dec-22,7649.1
26-Dec-22,7647.7
27-Dec-22,7723.6
28-Dec-22,7684.4
29-Dec-22,7721.3
30-Dec-22,7728.8
31-Dec-22,7735.8
1-Jan-23,7735.8
2-Jan-23,7754.8
3-Jan-23,7832.8
4-Jan-23,7875.5
5-Jan-23,7788.4
6-Jan-23,7937.7
7-Jan-23,7924
8-Jan-23,7924
9-Jan-23,7923.1
10-Jan-23,7882.6
11-Jan-23,7861.4
12-Jan-23,7937.6
13-Jan-23,8019.3
14-Jan-23,7995.8
15-Jan-23,7995.8
16-Jan-23,8043
17-Jan-23,8024.6
18-Jan-23,7940.6
19-Jan-23,8068.4
20-Jan-23,8041.2
21-Jan-23,8027.6
22-Jan-23,8027.6
23-Jan-23,8059.4
24-Jan-23,8128.4
25-Jan-23,8161.1
26-Jan-23,8093.3
27-Jan-23,8084.2
28-Jan-23,8077.1
29-Jan-23,8077.1
30-Jan-23,8043.1
31-Jan-23,8098.6
1-Feb-23,8194.1
2-Feb-23,8073.3
3-Feb-23,7840.1
4-Feb-23,7911.6
5-Feb-23,7911.6
6-Feb-23,7923.3
7-Feb-23,7939.2
8-Feb-23,7940.2
9-Feb-23,7876.9
10-Feb-23,7902.5
11-Feb-23,7903.3
12-Feb-23,7902.8
13-Feb-23,7862.7
14-Feb-23,7881.3
15-Feb-23,7805.2
16-Feb-23,7815.9
17-Feb-23,7839.3
18-Feb-23,7838.4
19-Feb-23,7766.1
20-Feb-23,7822.7
21-Feb-23,7809.3
22-Feb-23,7752.9
23-Feb-23,7746.6
24-Feb-23,7706.1
25-Feb-23,7693.1
26-Feb-23,7692
27-Feb-23,7731.7
28-Feb-23,7764.7
1-Mar-23,7787
2-Mar-23,7785.2
3-Mar-23,7878.8
4-Mar-23,7886.7
5-Mar-23,7810.1
6-Mar-23,7765.1
7-Mar-23,7600
8-Mar-23,7652.6
9-Mar-23,7708.7
10-Mar-23,7855.5
11-Mar-23,7827.8
12-Mar-23,7826.8
13-Mar-23,8074.7
14-Mar-23,8061.1
15-Mar-23,8155.8
16-Mar-23,8156.8
17-Mar-23,8353.1
18-Mar-23,8318.7
19-Mar-23,8315.2
20-Mar-23,8395.5
21-Mar-23,8228.3
22-Mar-23,8374.9
23-Mar-23,8428.1
24-Mar-23,8376.6
25-Mar-23,8386.3
26-Mar-23,8387.2
27-Mar-23,8273.9
28-Mar-23,8322.3
29-Mar-23,8294.9
30-Mar-23,8362.2
31-Mar-23,8299.8
1-Apr-23,8297.2
2-Apr-23,8297.4
3-Apr-23,8396.3
4-Apr-23,8548.2
5-Apr-23,8515
6-Apr-23,8432.2
7-Apr-23,8432.3
8-Apr-23,8432.3
9-Apr-23,8372.6
10-Apr-23,8371.5
11-Apr-23,8432.4
12-Apr-23,8495.1
13-Apr-23,8578.5
14-Apr-23,8430.7
15-Apr-23,8426.2
16-Apr-23,8426.4
17-Apr-23,8395.3
18-Apr-23,8448
19-Apr-23,8438
20-Apr-23,8453.5
21-Apr-23,8359.3
22-Apr-23,8360.9
23-Apr-23,8360.9
24-Apr-23,8354.2
25-Apr-23,8402.1
26-Apr-23,8352.2
27-Apr-23,8349.6
28-Apr-23,8353.8
29-Apr-23,8358.9
30-Apr-23,8251.2
1-May-23,8305
2-May-23,8472.1
3-May-23,8543.8
4-May-23,8611.3
5-May-23,8506
6-May-23,8500.4
7-May-23,8500
8-May-23,8485.8
9-May-23,8585.8
10-May-23,8562.3
11-May-23,8492.6
12-May-23,8495.2
13-May-23,8497.4
14-May-23,8461.6
15-May-23,8526.5
16-May-23,8406.1
17-May-23,8392.5
18-May-23,8297.8
19-May-23,8392.2
20-May-23,8372.1
21-May-23,8374.7
22-May-23,8390.1
23-May-23,8406.3
24-May-23,8308.8
25-May-23,8240.9
26-May-23,8260.6
27-May-23,8258.5
28-May-23,8270.3
29-May-23,8241.9
30-May-23,8321.1
31-May-23,8336.1
1-Jun-23,8397
2-Jun-23,8236.3
3-Jun-23,8263.8
4-Jun-23,8263.8
5-Jun-23,8306.4
6-Jun-23,8336.7
7-Jun-23,8222
8-Jun-23,8333.8
9-Jun-23,8297.8
10-Jun-23,8300.3
11-Jun-23,8301.1
12-Jun-23,8292.1
13-Jun-23,8225.5
14-Jun-23,8239
15-Jun-23,8263.7
16-Jun-23,8219.3
17-Jun-23,8225.8
18-Jun-23,8217.1
19-Jun-23,8210.8
20-Jun-23,8166.7
21-Jun-23,8140.8
22-Jun-23,8054.7
23-Jun-23,8083.2
24-Jun-23,8081.7
25-Jun-23,8036.9
26-Jun-23,8098.6
27-Jun-23,8061.4
28-Jun-23,8049.9
29-Jun-23,8030
30-Jun-23,8084.9
1-Jul-23,8087.4
2-Jul-23,8034.8
3-Jul-23,8076.6
4-Jul-23,8116.6
5-Jul-23,8089.2
6-Jul-23,8097.6
7-Jul-23,8182.9
8-Jul-23,8120.6
9-Jul-23,8120.6
10-Jul-23,8170.9
11-Jul-23,8192.6
12-Jul-23,8276.9
13-Jul-23,8334.4
14-Jul-23,8239.9
15-Jul-23,8226.9
16-Jul-23,8226.9
17-Jul-23,8234.6
18-Jul-23,8334.7
19-Jul-23,8345.1
20-Jul-23,8301.2
21-Jul-23,8264.3
22-Jul-23,8256.4
23-Jul-23,8256.4
24-Jul-23,8227.7
25-Jul-23,8257.1
26-Jul-23,8317.9
27-Jul-23,8190
28-Jul-23,8244
29-Jul-23,8241.5
30-Jul-23,8241.5
31-Jul-23,8311.7
1-Aug-23,8219.1
2-Aug-23,8221.2
3-Aug-23,8216.9
4-Aug-23,8259.4
5-Aug-23,8201.4
6-Aug-23,8201.4
7-Aug-23,8222.1
8-Aug-23,8184.2
9-Aug-23,8149.2
10-Aug-23,8138.8
11-Aug-23,8143.9
12-Aug-23,8165.5
13-Aug-23,8165.5
14-Aug-23,8158.8
15-Aug-23,8151.8
16-Aug-23,8090.5
17-Aug-23,8064.7
18-Aug-23,8064.5
19-Aug-23,8047.3
20-Aug-23,8047.3
21-Aug-23,8080.3
22-Aug-23,8086.5
23-Aug-23,8167.2
24-Aug-23,8126.2
25-Aug-23,8125.3
26-Aug-23,8133.1
27-Aug-23,8138.6
28-Aug-23,8149.8
29-Aug-23,8233
30-Aug-23,8261.4
31-Aug-23,8239.7
1-Sep-23,8248.3
2-Sep-23,8244.3
3-Sep-23,8244.3
4-Sep-23,8238.9
5-Sep-23,8230.4
6-Sep-23,8179.5
7-Sep-23,8196.9
8-Sep-23,8178.4
9-Sep-23,8178.5
10-Sep-23,8169.8
11-Sep-23,8177.4
12-Sep-23,8149.4
13-Sep-23,8133.5
14-Sep-23,8137.9
15-Sep-23,8198.2
16-Sep-23,8188.1
17-Sep-23,8188.1
18-Sep-23,8261.2
19-Sep-23,8253.5
20-Sep-23,8262.8
21-Sep-23,8202.8
22-Sep-23,8197.5
23-Sep-23,8197.3
24-Sep-23,8169.3
25-Sep-23,8175.8
26-Sep-23,8123.2
27-Sep-23,8027.9
28-Sep-23,7980.4
29-Sep-23,7890.6
30-Sep-23,7901.9
1-Oct-23,7901.9
2-Oct-23,7819.1
3-Oct-23,7801.9
4-Oct-23,7779.6
5-Oct-23,7782.8
6-Oct-23,7823.8
7-Oct-23,7801.2
8-Oct-23,7801.2
9-Oct-23,7963.5
10-Oct-23,7957.6
11-Oct-23,8008.5
12-Oct-23,7984.1
13-Oct-23,8248.3
14-Oct-23,8264.4
15-Oct-23,8264.4
16-Oct-23,8210
17-Oct-23,8206.4
18-Oct-23,8338.1
19-Oct-23,8439.2
20-Oct-23,8451.4
21-Oct-23,8458.2
22-Oct-23,8444.2
23-Oct-23,8423.9
24-Oct-23,8419.5
25-Oct-23,8459.4
26-Oct-23,8485
27-Oct-23,8583.4
28-Oct-23,8559.3
29-Oct-23,8559.3
30-Oct-23,8528.3
31-Oct-23,8484.7
1-Nov-23,8462.9
2-Nov-23,8473.5
3-Nov-23,8529.4
4-Nov-23,8530.2
5-Nov-23,8448.3
6-Nov-23,8461.9
7-Nov-23,8404.9
8-Nov-23,8335.7
9-Nov-23,8379.6
10-Nov-23,8276.2
11-Nov-23,8262.2
12-Nov-23,8262.2
13-Nov-23,8334.2
14-Nov-23,8394.2
15-Nov-23,8379.5
16-Nov-23,8483.6
17-Nov-23,8466.3
18-Nov-23,8429.2
19-Nov-23,8429.2
20-Nov-23,8464.1
21-Nov-23,8555
22-Nov-23,8512.8
23-Nov-23,8533.3
24-Nov-23,8566.5
25-Nov-23,8543.6
26-Nov-23,8543.6
27-Nov-23,8619.8
28-Nov-23,8731.1
29-Nov-23,8746.6
30-Nov-23,8720.5
1-Dec-23,8852.5
2-Dec-23,8864.4
3-Dec-23,8864.4
4-Dec-23,8704.1
5-Dec-23,8645.5
6-Dec-23,8686.7
7-Dec-23,8699.8
8-Dec-23,8570.4
9-Dec-23,8592.4
10-Dec-23,8592.4
11-Dec-23,8493.8
12-Dec-23,8474.2
13-Dec-23,8635.6
14-Dec-23,8705
15-Dec-23,8609.8
16-Dec-23,8656.7
17-Dec-23,8656.7
18-Dec-23,8640.6
19-Dec-23,8706.3
20-Dec-23,8680.6
21-Dec-23,8736.1
22-Dec-23,8780
23-Dec-23,8765.7
24-Dec-23,8765.7
25-Dec-23,8782.6
26-Dec-23,8825.1
27-Dec-23,8893.3
28-Dec-23,8882.2
29-Dec-23,8830.6
30-Dec-23,8814.3
31-Dec-23,8830.5
1-Jan-24,8838.5
2-Jan-24,8829.3
3-Jan-24,8745.6
4-Jan-24,8738.5
5-Jan-24,8733.5
6-Jan-24,8701.1
7-Jan-24,8701.1
8-Jan-24,8657.5
9-Jan-24,8671.2
10-Jan-24,8632.5
11-Jan-24,8642.3
12-Jan-24,8712
13-Jan-24,8713.2
14-Jan-24,8713.2
15-Jan-24,8737.7
16-Jan-24,8650.3
17-Jan-24,8577.3
18-Jan-24,8626.1
19-Jan-24,8662.6
20-Jan-24,8664.8
21-Jan-24,8664.8
22-Jan-24,8621.7
23-Jan-24,8657.4
24-Jan-24,8594.1
25-Jan-24,8617.7
26-Jan-24,8602.6
27-Jan-24,8610.6
28-Jan-24,8610.6
29-Jan-24,8666.9
30-Jan-24,8673.7
31-Jan-24,8654.7
1-Feb-24,8749.2
2-Feb-24,8677
3-Feb-24,8745.7
4-Feb-24,8745.7
5-Feb-24,8640.5
6-Feb-24,8693.4
7-Feb-24,8657.4
8-Feb-24,8665.9
9-Feb-24,8630.8
10-Feb-24,8624.4
11-Feb-24,8624.4
12-Feb-24,8597.5
13-Feb-24,8488.7
14-Feb-24,8492.2
15-Feb-24,8540.7
16-Feb-24,8580.4
17-Feb-24,8583.9
18-Feb-24,8583.9
19-Feb-24,8604
20-Feb-24,8623.7
21-Feb-24,8635.8
22-Feb-24,8614.9
23-Feb-24,8698.9
24-Feb-24,8684
25-Feb-24,8681.8
26-Feb-24,8644
27-Feb-24,8633.3
28-Feb-24,8641.5
29-Feb-24,8711.8
1-Mar-24,8868.9
2-Mar-24,8866.1
3-Mar-24,8840.7
4-Mar-24,9010.3
5-Mar-24,9069.6
6-Mar-24,9108.7
7-Mar-24,9172.6
8-Mar-24,9242.7
9-Mar-24,9235.7
10-Mar-24,9235.7
11-Mar-24,9273.6
12-Mar-24,9165.7
13-Mar-24,9231.4
14-Mar-24,9201.6
15-Mar-24,9184.8
16-Mar-24,9181.5
17-Mar-24,9181.5
18-Mar-24,9195.7
19-Mar-24,9202.3
20-Mar-24,9328
21-Mar-24,9314.9
22-Mar-24,9245.9
23-Mar-24,9278.4
24-Mar-24,9260
25-Mar-24,9302.8
26-Mar-24,9322.7
27-Mar-24,9396.8
28-Mar-24,9566.5
29-Mar-24,9565.6
30-Mar-24,9553.2
31-Mar-24,9566.4
1-Apr-24,9635.6
2-Apr-24,9781.5
3-Apr-24,9852.5
4-Apr-24,9817.3
5-Apr-24,9943.3
6-Apr-24,9952.8
7-Apr-24,9885.7
8-Apr-24,9984.2
9-Apr-24,10039.3
10-Apr-24,9979.7
11-Apr-24,10168.6
12-Apr-24,10029.2
13-Apr-24,10016.6
14-Apr-24,10071.9
15-Apr-24,10215.6
16-Apr-24,10240.6
17-Apr-24,10152.9
18-Apr-24,10205.6
19-Apr-24,10247.5
20-Apr-24,10234.7
21-Apr-24,10205.2
22-Apr-24,9982.6
23-Apr-24,9934.5
24-Apr-24,9921.6
25-Apr-24,9966.7
26-Apr-24,10024.7
27-Apr-24,10030.8
28-Apr-24,10019.6
29-Apr-24,10000.2
30-Apr-24,9829.4
1-May-24,10006.6
2-May-24,9871.2
3-May-24,9864.8
4-May-24,9838
5-May-24,9839.8
6-May-24,9978.8
7-May-24,9930.6
8-May-24,9908.1
9-May-24,10074.5
10-May-24,10127.8
11-May-24,10119
12-May-24,10136.7
13-May-24,10027
14-May-24,10109.5
15-May-24,10227.7
16-May-24,10201.6
17-May-24,10346
18-May-24,10332.6
19-May-24,10295.6
20-May-24,10395
21-May-24,10360.4
22-May-24,10186.5
23-May-24,9965.4
24-May-24,9957.3
25-May-24,9952.3
26-May-24,9973.8
27-May-24,10035.7
28-May-24,10096
29-May-24,10016.6
30-May-24,10025.1
31-May-24,9982.5
1-Jun-24,9979.4
2-Jun-24,9967.3
3-Jun-24,10029.1
4-Jun-24,9989.8
5-Jun-24,10094.7
6-Jun-24,10175.7
7-Jun-24,9817.3
8-Jun-24,9828.4
9-Jun-24,9909.2
10-Jun-24,9900.4
11-Jun-24,9954.8
12-Jun-24,9958.9
13-Jun-24,9904
14-Jun-24,10004.5
15-Jun-24,9985.4
16-Jun-24,9986.5
17-Jun-24,9951.3
18-Jun-24,9976.2
19-Jun-24,9983.6
20-Jun-24,10135.1
21-Jun-24,9954.6
22-Jun-24,9935.3
23-Jun-24,9933.2
24-Jun-24,9995.3
25-Jun-24,9950
26-Jun-24,9871.5
27-Jun-24,9980.9
28-Jun-24,9952.3
29-Jun-24,9952.3
30-Jun-24,9936.7
1-Jul-24,10001.1
2-Jul-24,9991.8
3-Jul-24,10112.6
4-Jul-24,10108.9
5-Jul-24,10244.5
6-Jul-24,10233.2
7-Jul-24,10268.7
8-Jul-24,10123.3
9-Jul-24,10140.5
10-Jul-24,10170.8
11-Jul-24,10363.9
12-Jul-24,10330
13-Jul-24,10327.3
14-Jul-24,10313.8
15-Jul-24,10397.2
16-Jul-24,10599.2
17-Jul-24,10546.2
18-Jul-24,10505.2
19-Jul-24,10303.5
20-Jul-24,10300.2
21-Jul-24,10300.2
22-Jul-24,10301.2
23-Jul-24,10355.3
24-Jul-24,10308.2
25-Jul-24,10167.1
26-Jul-24,10263.7
27-Jul-24,10252.6
28-Jul-24,10252.6
29-Jul-24,10256.2
30-Jul-24,10370.5
31-Jul-24,10514.5
1-Aug-24,10513.4
2-Aug-24,10500
3-Aug-24,10499.2
4-Aug-24,10410.4
5-Aug-24,10397.7
6-Aug-24,10314.2
7-Aug-24,10275.2
8-Aug-24,10466.9
9-Aug-24,10484.1
10-Aug-24,10483.7
11-Aug-24,10471.6
12-Aug-24,10665.3
13-Aug-24,10628.7
14-Aug-24,10553.1
15-Aug-24,10591.3
16-Aug-24,10814.7
17-Aug-24,10772.4
18-Aug-24,10772.4
19-Aug-24,10788.2
20-Aug-24,10792.1
21-Aug-24,10834.7
22-Aug-24,10721
23-Aug-24,10822.2
24-Aug-24,10829
25-Aug-24,10739.6
26-Aug-24,10850.8
27-Aug-24,10881.4
28-Aug-24,10792.8
29-Aug-24,10887.1
30-Aug-24,10778
31-Aug-24,10782.1
1-Sep-24,10797.9
2-Sep-24,10799.2
3-Sep-24,10748.2
4-Sep-24,10740.2
5-Sep-24,10851.8
6-Sep-24,10773.1
7-Sep-24,10789.1
8-Sep-24,10789.1
9-Sep-24,10805
10-Sep-24,10859
11-Sep-24,10826.7
12-Sep-24,11039.3
13-Sep-24,11133.8
14-Sep-24,11123
15-Sep-24,11135.6
16-Sep-24,11116.2
17-Sep-24,11063.8
18-Sep-24,11009.3
19-Sep-24,11129.3
20-Sep-24,11255.8
21-Sep-24,11255.8
22-Sep-24,11234.7
23-Sep-24,11271
24-Sep-24,11421.8
25-Sep-24,11415.7
26-Sep-24,11489.9
27-Sep-24,11402.9
28-Sep-24,11402.9
29-Sep-24,11402.9
30-Sep-24,11306.3
1-Oct-24,11456.4
2-Oct-24,11465.1
3-Oct-24,11457.7
4-Oct-24,11425.5
5-Oct-24,11476.3
6-Oct-24,11476.3
7-Oct-24,11391
8-Oct-24,11301.8
9-Oct-24,11250.4
10-Oct-24,11344.5
11-Oct-24,11474.9
12-Oct-24,11474.9
13-Oct-24,11474.9
14-Oct-24,11440.8
15-Oct-24,11493.9
16-Oct-24,11536.5
17-Oct-24,11625.2
18-Oct-24,11751.5
19-Oct-24,11751.5
20-Oct-24,11751.5
21-Oct-24,11741.1
22-Oct-24,11871.7
23-Oct-24,11735.4
24-Oct-24,11816
25-Oct-24,11879.6
26-Oct-24,11888.5
27-Oct-24,11888.5
28-Oct-24,11835.7
29-Oct-24,11981.5
30-Oct-24,12048.7
31-Oct-24,11832.6
1-Nov-24,11814.3
2-Nov-24,11805.9
3-Nov-24,11805.9
4-Nov-24,11828.5
5-Nov-24,11857
6-Nov-24,11491.2
7-Nov-24,11733.1
8-Nov-24,11636.4
9-Nov-24,11637.6
10-Nov-24,11696.7
11-Nov-24,11354
12-Nov-24,11275.7
13-Nov-24,11156.7
14-Nov-24,11121
15-Nov-24,11061.2
16-Nov-24,11093.4
17-Nov-24,11093.4
18-Nov-24,11269.7
19-Nov-24,11419.6
20-Nov-24,11450.5
21-Nov-24,11585.6
22-Nov-24,11766.3
23-Nov-24,11754.2
24-Nov-24,11754.2
25-Nov-24,11372.6
26-Nov-24,11401.4
27-Nov-24,11434.4
28-Nov-24,11437.7
29-Nov-24,11524.2
30-Nov-24,11494.9
1-Dec-24,11494.9
2-Dec-24,11475.6
3-Dec-24,11504.4
4-Dec-24,11542.3
5-Dec-24,11456.5
6-Dec-24,11465.9
7-Dec-24,11465.9
8-Dec-24,11465.9
9-Dec-24,11584.6
10-Dec-24,11748.3
11-Dec-24,11825.2
12-Dec-24,11689.7
13-Dec-24,11525.4
14-Dec-24,11510.4
15-Dec-24,11510.4
16-Dec-24,11559
17-Dec-24,11545
18-Dec-24,11284.7
19-Dec-24,11339.2
20-Dec-24,11444.6
21-Dec-24,11401.8
22-Dec-24,11401.8
23-Dec-24,11442.8
24-Dec-24,11434.3
25-Dec-24,11422.9
26-Dec-24,11495.2
27-Dec-24,11431.3
28-Dec-24,11514.9
29-Dec-24,11514.9
30-Dec-24,11441.4
31-Dec-24,11538.5
1-Jan-25,11538.5
2-Jan-25,11712.1
3-Jan-25,11638
4-Jan-25,11616.2
5-Jan-25,11616.2
6-Jan-25,11618
7-Jan-25,11665.2
8-Jan-25,11750.7
9-Jan-25,11771.1
10-Jan-25,11885.8
11-Jan-25,11885.8
12-Jan-25,11938.5
13-Jan-25,11866.8
14-Jan-25,11914.5
15-Jan-25,11933.4
16-Jan-25,12072.8
17-Jan-25,12019.7
18-Jan-25,12019.7
19-Jan-25,12019.7
20-Jan-25,12035.4
21-Jan-25,12202.3
22-Jan-25,12241.3
23-Jan-25,12230.7
24-Jan-25,12276.1
25-Jan-25,12249.5
26-Jan-25,12249.5
27-Jan-25,12141.3
28-Jan-25,12309.8
29-Jan-25,12281.1
30-Jan-25,12423.4
31-Jan-25,12444.6
1-Feb-25,12465.5
2-Feb-25,12627
3-Feb-25,12590.4
4-Feb-25,12720.7
5-Feb-25,12877.6
6-Feb-25,12845.6
7-Feb-25,12862.5
8-Feb-25,12911.9
9-Feb-25,12911.9
10-Feb-25,13069.5
11-Feb-25,13034
12-Feb-25,12957.9
13-Feb-25,13089
14-Feb-25,12802.7
15-Feb-25,12799.7
16-Feb-25,12799.7
17-Feb-25,12928.5
18-Feb-25,13112.2
19-Feb-25,13078
20-Feb-25,13070.7
21-Feb-25,13034.3
22-Feb-25,13032.7
23-Feb-25,13032.7
24-Feb-25,13142.6
25-Feb-25,13038.3
26-Feb-25,13055.2
27-Feb-25,12872.9
28-Feb-25,12826.9
1-Mar-25,12826.9
2-Mar-25,12857.7
3-Mar-25,12956.2
4-Mar-25,13071.4
5-Mar-25,13043
6-Mar-25,13019
7-Mar-25,13002.2
8-Mar-25,13011.3
9-Mar-25,13011.3
10-Mar-25,12971.3
11-Mar-25,13060.7
12-Mar-25,13152.9
13-Mar-25,13358.2
14-Mar-25,13330.7
15-Mar-25,13330.7
16-Mar-25,13308.4
17-Mar-25,13379.6
18-Mar-25,13483.2
19-Mar-25,13503.1
20-Mar-25,13492.7
21-Mar-25,13395.5
22-Mar-25,13364.2
23-Mar-25,13364.2
24-Mar-25,13243.3
25-Mar-25,13289.8
26-Mar-25,13293.8
27-Mar-25,13448.4
28-Mar-25,13533.3
29-Mar-25,13533.3
30-Mar-25,13390.3
31-Mar-25,13711.5
1-Apr-25,13708
2-Apr-25,13760.5
3-Apr-25,13656.7
4-Apr-25,13309.8
5-Apr-25,13309.8
6-Apr-25,13309.8
7-Apr-25,13159.5
8-Apr-25,13158.9
9-Apr-25,13538.9
10-Apr-25,14053.6
11-Apr-25,14312.6
12-Apr-25,14279.4
13-Apr-25,14279.4
14-Apr-25,14177.7
15-Apr-25,14229.1
16-Apr-25,14726.8
17-Apr-25,14579.8
18-Apr-25,14579.8
19-Apr-25,14579.8
20-Apr-25,14579.8
21-Apr-25,14980.3
22-Apr-25,14782.1
23-Apr-25,14417.8
24-Apr-25,14658.2
25-Apr-25,14531.4
26-Apr-25,14531.4
27-Apr-25,14531.4
28-Apr-25,14600.5
29-Apr-25,14418.6
30-Apr-25,14296.3
1-May-25,14100.8
2-May-25,14103.3
3-May-25,14103.3
4-May-25,14103.3
5-May-25,14513.5
6-May-25,14939.9
7-May-25,14649.5
8-May-25,14391.4
9-May-25,14493.7
10-May-25,14493.7
11-May-25,14493.7
12-May-25,14086.2
13-May-25,14153.4
14-May-25,13836.2
15-May-25,14229.2
16-May-25,14039.2
17-May-25,14039.2
18-May-25,14091.1
19-May-25,14166
20-May-25,14446.4
21-May-25,14550.8
22-May-25,14527.9
23-May-25,14708
24-May-25,14708
25-May-25,14708
26-May-25,14605.9
27-May-25,14470.9
28-May-25,14411.9
29-May-25,14577.8
30-May-25,14465.2
31-May-25,14465.2
1-Jun-25,14465.2
2-Jun-25,14822
3-Jun-25,14763.3
4-Jun-25,14868.2
5-Jun-25,14765.1
6-Jun-25,14562
7-Jun-25,14562
8-Jun-25,14562
9-Jun-25,14641.2
10-Jun-25,14601
11-Jun-25,14749
12-Jun-25,14859.6
13-Jun-25,15116.6
14-Jun-25,15116.6
15-Jun-25,15116.6
16-Jun-25,14943.3
17-Jun-25,14995
18-Jun-25,14947.3
19-Jun-25,15005.1
20-Jun-25,14984.2
21-Jun-25,14984.2
22-Jun-25,14984.2
23-Jun-25,14997.6
24-Jun-25,14671.5
25-Jun-25,14728.6
26-Jun-25,14621.2
27-Jun-25,14371.2
28-Jun-25,14371.2
29-Jun-25,14371.2
30-Jun-25,14558.8
1-Jul-25,14658.8
2-Jul-25,14772.1
3-Jul-25,14567.8
4-Jul-25,14624.1
5-Jul-25,14624.1
6-Jul-25,14624.1
7-Jul-25,14715
8-Jul-25,14514.8
9-Jul-25,14576.7
10-Jul-25,14629.9
11-Jul-25,14782.2
12-Jul-25,14782.2
13-Jul-25,14782.2
14-Jul-25,14755
15-Jul-25,14657.5
16-Jul-25,14775.5
17-Jul-25,14759.3
18-Jul-25,14811.4
19-Jul-25,14811.4
20-Jul-25,14811.4
21-Jul-25,15035.9
22-Jul-25,15219.7
23-Jul-25,15031.6
24-Jul-25,14944.2
25-Jul-25,14853.5
26-Jul-25,14816.1
27-Jul-25,14809.6
28-Jul-25,14752.9
29-Jul-25,14835.9
30-Jul-25,14709.5
31-Jul-25,14793.7
1-Aug-25,15100.6
2-Aug-25,14873
3-Aug-25,14873
4-Aug-25,15167.8
5-Aug-25,15237.4
6-Aug-25,15191.6
7-Aug-25,15281.2
8-Aug-25,15269.3
9-Aug-25,15261.5
10-Aug-25,15261.5
11-Aug-25,15053.3
12-Aug-25,15076.4
13-Aug-25,15082.1
14-Aug-25,14997.2
15-Aug-25,14981
16-Aug-25,14981
17-Aug-25,14963.7
18-Aug-25,14940.6
19-Aug-25,14830.6
20-Aug-25,14944.2
21-Aug-25,14950.2
22-Aug-25,15138.2
23-Aug-25,15138.2
24-Aug-25,14978.4
25-Aug-25,15122.5
26-Aug-25,15263.4
27-Aug-25,15316.6
28-Aug-25,15374.5
29-Aug-25,15618.4
30-Aug-25,15590.3
31-Aug-25,15590.3
1-Sep-25,15735.2
2-Sep-25,16007.4
3-Sep-25,16110.5
4-Sep-25,16054.6
5-Sep-25,16245.9
6-Sep-25,16231.6
7-Sep-25,16231.6
8-Sep-25,16377.7
9-Sep-25,16406.5
10-Sep-25,16475.4
11-Sep-25,16496.4
12-Sep-25,16506.6
13-Sep-25,16498.2
14-Sep-25,16498.2
15-Sep-25,16646.8
16-Sep-25,16689.8
17-Sep-25,16499
18-Sep-25,16583.5
19-Sep-25,16688.5
20-Sep-25,16688.7
21-Sep-25,16694.3
22-Sep-25,16941.3
23-Sep-25,17115.7
24-Sep-25,17032.1
25-Sep-25,17202.6
26-Sep-25,17061.2
27-Sep-25,17061.1
28-Sep-25,17059.5
29-Sep-25,17457.6
30-Sep-25,17562.6
1-Oct-25,17610.8
2-Oct-25,17569.5
3-Oct-25,17704.1
4-Oct-25,17704.1
5-Oct-25,17710.3
6-Oct-25,18057
7-Oct-25,18162
8-Oct-25,18412.1
9-Oct-25,18125.6
10-Oct-25,18306
11-Oct-25,18306.1
12-Oct-25,18305.2
13-Oct-25,18713.5
14-Oct-25,18877.3
15-Oct-25,19079.2
16-Oct-25,19562.8
17-Oct-25,19185.5
18-Oct-25,19185.5
19-Oct-25,19185.5
20-Oct-25,19661
21-Oct-25,18629.8
22-Oct-25,18546.6
23-Oct-25,18619.9
24-Oct-25,18563.4
25-Oct-25,18563.4
26-Oct-25,18570.5
27-Oct-25,18028.4
28-Oct-25,17914.4
29-Oct-25,17804.3
30-Oct-25,18307.9
31-Oct-25,18217.4
1-Nov-25,18217.5
2-Nov-25,18217.5
3-Nov-25,18233.4
4-Nov-25,17887.9
5-Nov-25,18100.9
6-Nov-25,18092.2
7-Nov-25,18215.3
8-Nov-25,18211.4
9-Nov-25,18211.5
10-Nov-25,18736.3
11-Nov-25,18775
12-Nov-25,19094.3
,
,
,
,
,
,
,
,
,
,
,
,
,
,
